file,total_rows,fs_raw,f95,f99,recommended_target_fs,has_big_gaps,start_rows,start_fs_est,start_median_dt,start_f95,start_f99,middle_rows,middle_fs_est,middle_median_dt,middle_f95,middle_f99,end_rows,end_fs_est,end_median_dt,end_f95,end_f99
acoustic\0Nm_BPFI_03.csv,1044496,51199.99999888241,6171.647999865287,9148.41599980031,27446,False,100000,51200.000000046566,1.9531249999982236e-05,6171.648000005613,9149.44000000832,100000,51199.99999888241,1.9531250000426326e-05,6098.943999866873,9006.079999803418,100000,51199.99999888241,1.9531250000426326e-05,6171.647999865287,9148.41599980031
acoustic\0Nm_BPFI_10.csv,3072000,51200.000000046566,2264.064000002059,3561.4720005700883,10685,False,100000,51200.000000046566,1.9531249999982236e-05,2264.064000002059,3549.184000003228,100000,51199.99999888241,1.9531250000426326e-05,2264.0639999505806,3588.09599992168,100000,51200.00000819564,1.9531249996873612e-05,2264.0640003624108,3561.4720005700883
acoustic\0Nm_BPFO_03.csv,3072000,51200.000000046566,6275.071999863029,9148.41599980031,27446,False,100000,51200.000000046566,1.9531249999982236e-05,6350.848000005776,9149.44000000832,100000,51199.99999888241,1.9531250000426326e-05,6275.071999863029,9148.41599980031,100000,51200.00000819564,1.9531249996873612e-05,6099.968000976428,9027.584001445055
acoustic\0Nm_BPFO_10.csv,3072000,51200.000000046566,2567.168000002335,4402.176000004004,13207,False,100000,51200.000000046566,1.9531249999982236e-05,2567.168000002335,4402.176000004004,100000,51199.99999888241,1.9531250000426326e-05,2567.1679999439643,4402.17599990391,100000,51200.00000819564,1.9531249996873612e-05,2568.192000411093,4585.472000734001
acoustic\0Nm_Normal.csv,3072000,51200.000000046566,6375.424000005798,8081.40800000735,24245,False,100000,51200.000000046566,1.9531249999982236e-05,6375.424000005798,8081.40800000735,100000,51199.99999888241,1.9531250000426326e-05,6375.423999860838,7664.639999832698,100000,51200.00000819564,1.9531249996873612e-05,6375.42400102052,8170.496001307859
